{
  "model": "TinyLlama/TinyLlama-1.1B-Chat-v1.0",
  "device": "cuda",
  "n_target_linears": 154,
  "steps": 800,
  "seq_len": 256,
  "batch": 4,
  "lr": 0.0002,
  "grad_accum_steps": 6,
  "effective_batch": 24,
  "effective_tokens_per_step": 6144,
  "arm": "QR-002a(linears)+ansmask+basekl0.1c",
  "train_source": "mixed",
  "train_norms": false,
  "train_lm_head": false,
  "answer_loss_only": true,
  "base_kl_replay": true,
  "kl_weight": 0.1,
  "kl_temp": 1.0,
  "kl_content_only": true,
  "replay_tokens": 200000,
  "replay_batch": 2,
  "ce_fp": 2.311574310064316,
  "ce_ptq": 11.528299927711487,
  "ce_adapted": 7.069973707199097,
  "ppl_fp": 10.090297414184098,
  "ppl_ptq": 101549.32578162335,
  "ppl_adapted": 1176.1171104296145,
  "recovered_fraction": 0.4837212699460292,
  "qr003": {
    "f16": 1307.129,
    "i2_s": 1319.8702,
    "i2s_vs_f16_nats": 0.00970026934687862
  }
}