{
  "model": "TinyLlama/TinyLlama-1.1B-Chat-v1.0",
  "device": "cuda",
  "n_target_linears": 154,
  "steps": 800,
  "seq_len": 256,
  "batch": 4,
  "lr": 0.0002,
  "grad_accum_steps": 6,
  "effective_batch": 24,
  "effective_tokens_per_step": 6144,
  "arm": "QR-002a(linears)+ansmask+basekl1.0",
  "train_source": "mixed",
  "train_norms": false,
  "train_lm_head": false,
  "answer_loss_only": true,
  "base_kl_replay": true,
  "kl_weight": 1.0,
  "kl_temp": 1.0,
  "replay_tokens": 200000,
  "replay_batch": 2,
  "ce_fp": 2.311574310064316,
  "ce_ptq": 11.528299927711487,
  "ce_adapted": 7.163493573665619,
  "ppl_fp": 10.090297414184098,
  "ppl_ptq": 101549.32578162335,
  "ppl_adapted": 1291.4147136151773,
  "recovered_fraction": 0.4735745138912042,
  "qr003": {
    "f16": 1308.8704,
    "i2_s": 1368.7926,
    "i2s_vs_f16_nats": 0.04476456223524394
  }
}