{
  "model": "TinyLlama/TinyLlama-1.1B-Chat-v1.0",
  "device": "cuda",
  "n_target_linears": 154,
  "steps": 800,
  "seq_len": 256,
  "batch": 4,
  "lr": 0.0002,
  "grad_accum_steps": 6,
  "effective_batch": 24,
  "effective_tokens_per_step": 6144,
  "arm": "QR-002a(linears)+ansmask+basekl0.2c",
  "train_source": "mixed",
  "train_norms": false,
  "train_lm_head": false,
  "answer_loss_only": true,
  "base_kl_replay": true,
  "kl_weight": 0.2,
  "kl_temp": 1.0,
  "kl_content_only": true,
  "replay_tokens": 200000,
  "replay_batch": 2,
  "ce_fp": 2.311574310064316,
  "ce_ptq": 11.528299927711487,
  "ce_adapted": 3.736014246940613,
  "ppl_fp": 10.090297414184098,
  "ppl_ptq": 101549.32578162335,
  "ppl_adapted": 41.93053191720437,
  "recovered_fraction": 0.8454505432874191,
  "qr003": {
    "f16": 102.0922,
    "i2_s": 102.2177,
    "i2s_vs_f16_nats": 0.0012285260360318517
  }
}