{
  "model": "TinyLlama/TinyLlama-1.1B-Chat-v1.0",
  "device": "cuda",
  "n_target_linears": 154,
  "steps": 800,
  "seq_len": 256,
  "batch": 4,
  "lr": 0.0002,
  "grad_accum_steps": 6,
  "effective_batch": 24,
  "effective_tokens_per_step": 6144,
  "arm": "QR-002a(linears)+ansmask",
  "train_source": "mixed",
  "train_norms": false,
  "train_lm_head": false,
  "answer_loss_only": true,
  "ce_fp": 2.311574310064316,
  "ce_ptq": 11.528299927711487,
  "ce_adapted": 3.950831353664398,
  "ppl_fp": 10.090297414184098,
  "ppl_ptq": 101549.32578162335,
  "ppl_adapted": 51.97856144487228,
  "recovered_fraction": 0.822143230513295,
  "qr003": {
    "f16": 97.2047,
    "i2_s": 97.885,
    "i2s_vs_f16_nats": 0.006974256021660352
  }
}