{
  "config": {
    "seed": 31,
    "vocab_size": 64,
    "seq_len": 32,
    "batch_size": 16,
    "eval_batch_size": 64,
    "train_steps": 200,
    "learning_rate": 0.005,
    "qat_steps": 48,
    "qat_learning_rate": 0.002,
    "ste_qat_steps": 48,
    "ste_qat_learning_rate": 0.002,
    "ste_num_groups": 1,
    "hidden_size": 64,
    "intermediate_size": 128,
    "num_layers": 1,
    "num_heads": 4,
    "num_kv_heads": 4,
    "lambda_bytes": 0.08,
    "lambda_latency": 0.05,
    "lambda_ram": 0.04,
    "peak_ram_baseline_mb": 256.0,
    "threads": 2,
    "strict": true,
    "json_out": "reports/tiny_real_arena_ste_qat_smoke.json"
  },
  "train_loss_start": 4.1816487312316895,
  "train_loss_end": 2.805948257446289,
  "projected_qat_loss_start": 2.919456720352173,
  "projected_qat_loss_end": 2.617776393890381,
  "bitlinear_ste_loss_start": 4.214620113372803,
  "bitlinear_ste_loss_end": 3.5910444259643555,
  "bitlinear_replacements": 7,
  "train_elapsed_seconds": 0.3135630409960868,
  "results": [
    {
      "name": "fp16_dense",
      "quality_source": "fp16",
      "runtime_policy": "fp16_baseline",
      "loss": 2.926459312438965,
      "perplexity": 18.661439059076113,
      "token_accuracy": 0.16229838132858276,
      "logit_kl_to_fp16": 0.0,
      "bytes_per_token_mb": 0.08837890625,
      "ideal_latency_ms_at_100gbps": 0.0009267199999999999,
      "peak_ram_proxy_mb": 256.0,
      "fitness": 0.16229838132858276,
      "pareto_frontier": false
    },
    {
      "name": "s0_ternary_ptq_packed",
      "quality_source": "S0",
      "runtime_policy": "packed_b1_58_weight_fp16_kv",
      "loss": 3.503601551055908,
      "perplexity": 33.23493398081071,
      "token_accuracy": 0.11441532522439957,
      "logit_kl_to_fp16": 0.5845139026641846,
      "bytes_per_token_mb": 0.0206787109375,
      "ideal_latency_ms_at_100gbps": 0.000216832,
      "peak_ram_proxy_mb": 89.6,
      "fitness": 0.3452369295261558,
      "pareto_frontier": false
    },
    {
      "name": "s1_groupwise_ptq_packed",
      "quality_source": "S1",
      "runtime_policy": "packed_b1_58_weight_fp16_kv",
      "loss": 3.1401658058166504,
      "perplexity": 23.107697931832803,
      "token_accuracy": 0.13457661867141724,
      "logit_kl_to_fp16": 0.2322767972946167,
      "bytes_per_token_mb": 0.0206787109375,
      "ideal_latency_ms_at_100gbps": 0.000216832,
      "peak_ram_proxy_mb": 89.6,
      "fitness": 0.3653982229731735,
      "pareto_frontier": false
    },
    {
      "name": "s1_groupwise_ptq_int8_kv",
      "quality_source": "S1",
      "runtime_policy": "packed_b1_58_weight_int8_kv",
      "loss": 3.1401658058166504,
      "perplexity": 23.107697931832803,
      "token_accuracy": 0.13457661867141724,
      "logit_kl_to_fp16": 0.2322767972946167,
      "bytes_per_token_mb": 0.016650390625,
      "ideal_latency_ms_at_100gbps": 0.000174592,
      "peak_ram_proxy_mb": 71.68,
      "fitness": 0.40249119981085885,
      "pareto_frontier": false
    },
    {
      "name": "s1_groupwise_ptq_int4_kv",
      "quality_source": "S1",
      "runtime_policy": "packed_b1_58_weight_int4_kv",
      "loss": 3.1401658058166504,
      "perplexity": 23.107697931832803,
      "token_accuracy": 0.13457661867141724,
      "logit_kl_to_fp16": 0.2322767972946167,
      "bytes_per_token_mb": 0.01463623046875,
      "ideal_latency_ms_at_100gbps": 0.000153472,
      "peak_ram_proxy_mb": 58.88,
      "fitness": 0.4271209904195671,
      "pareto_frontier": false
    },
    {
      "name": "s1_projected_qat_int8_kv",
      "quality_source": "S1_projected_QAT",
      "runtime_policy": "packed_b1_58_weight_int8_kv",
      "loss": 2.801335334777832,
      "perplexity": 16.466620547748587,
      "token_accuracy": 0.16784274578094482,
      "logit_kl_to_fp16": 0.22148346900939941,
      "bytes_per_token_mb": 0.016650390625,
      "ideal_latency_ms_at_100gbps": 0.000174592,
      "peak_ram_proxy_mb": 71.68,
      "fitness": 0.43575732692038643,
      "pareto_frontier": false
    },
    {
      "name": "s1_projected_qat_int4_kv",
      "quality_source": "S1_projected_QAT",
      "runtime_policy": "packed_b1_58_weight_int4_kv",
      "loss": 2.801335334777832,
      "perplexity": 16.466620547748587,
      "token_accuracy": 0.16784274578094482,
      "logit_kl_to_fp16": 0.22148346900939941,
      "bytes_per_token_mb": 0.01463623046875,
      "ideal_latency_ms_at_100gbps": 0.000153472,
      "peak_ram_proxy_mb": 58.88,
      "fitness": 0.46038711752909467,
      "pareto_frontier": true
    },
    {
      "name": "s1_bitlinear_ste_int8_kv",
      "quality_source": "S1_BitLinear_STE",
      "runtime_policy": "packed_b1_58_weight_int8_kv",
      "loss": 3.8171684741973877,
      "perplexity": 45.47526147259755,
      "token_accuracy": 0.060483869165182114,
      "logit_kl_to_fp16": 0.9431747198104858,
      "bytes_per_token_mb": 0.016650390625,
      "ideal_latency_ms_at_100gbps": 0.000174592,
      "peak_ram_proxy_mb": 71.68,
      "fitness": 0.32839845030462367,
      "pareto_frontier": false
    },
    {
      "name": "s1_bitlinear_ste_int4_kv",
      "quality_source": "S1_BitLinear_STE",
      "runtime_policy": "packed_b1_58_weight_int4_kv",
      "loss": 3.8171684741973877,
      "perplexity": 45.47526147259755,
      "token_accuracy": 0.060483869165182114,
      "logit_kl_to_fp16": 0.9431747198104858,
      "bytes_per_token_mb": 0.01463623046875,
      "ideal_latency_ms_at_100gbps": 0.000153472,
      "peak_ram_proxy_mb": 58.88,
      "fitness": 0.35302824091333196,
      "pareto_frontier": false
    }
  ],
  "quality_winner": "s1_projected_qat_int8_kv",
  "resource_winner": "s1_projected_qat_int4_kv"
}