{
  "config": {
    "seed": 31,
    "vocab_size": 64,
    "seq_len": 32,
    "batch_size": 16,
    "eval_batch_size": 64,
    "train_steps": 24,
    "learning_rate": 0.005,
    "hidden_size": 64,
    "intermediate_size": 128,
    "num_layers": 1,
    "num_heads": 4,
    "num_kv_heads": 4,
    "lambda_bytes": 0.08,
    "lambda_latency": 0.05,
    "lambda_ram": 0.04,
    "peak_ram_baseline_mb": 256.0,
    "threads": 2,
    "strict": true,
    "json_out": "reports/tiny_real_arena_smoke.json"
  },
  "train_loss_start": 4.1816487312316895,
  "train_loss_end": 3.8413381576538086,
  "train_elapsed_seconds": 0.04529175000061514,
  "results": [
    {
      "name": "fp16_dense",
      "quality_source": "fp16",
      "runtime_policy": "fp16_baseline",
      "loss": 3.9039249420166016,
      "perplexity": 49.59673187864394,
      "token_accuracy": 0.04939516261219978,
      "logit_kl_to_fp16": 0.0,
      "bytes_per_token_mb": 0.08837890625,
      "ideal_latency_ms_at_100gbps": 0.0009267199999999999,
      "peak_ram_proxy_mb": 256.0,
      "fitness": 0.04939516261219978,
      "pareto_frontier": false
    },
    {
      "name": "s0_ternary_ptq_packed",
      "quality_source": "S0",
      "runtime_policy": "packed_b1_58_weight_fp16_kv",
      "loss": 3.905121326446533,
      "perplexity": 49.656104145384994,
      "token_accuracy": 0.053931452333927155,
      "logit_kl_to_fp16": 0.011237840168178082,
      "bytes_per_token_mb": 0.0206787109375,
      "ideal_latency_ms_at_100gbps": 0.000216832,
      "peak_ram_proxy_mb": 89.6,
      "fitness": 0.2847530566356834,
      "pareto_frontier": true
    },
    {
      "name": "s1_groupwise_ptq_packed",
      "quality_source": "S1",
      "runtime_policy": "packed_b1_58_weight_fp16_kv",
      "loss": 3.8955881595611572,
      "perplexity": 49.18497346944286,
      "token_accuracy": 0.04838709533214569,
      "logit_kl_to_fp16": 0.00836987979710102,
      "bytes_per_token_mb": 0.0206787109375,
      "ideal_latency_ms_at_100gbps": 0.000216832,
      "peak_ram_proxy_mb": 89.6,
      "fitness": 0.27920869963390194,
      "pareto_frontier": false
    },
    {
      "name": "s1_groupwise_ptq_int8_kv",
      "quality_source": "S1",
      "runtime_policy": "packed_b1_58_weight_int8_kv",
      "loss": 3.8955881595611572,
      "perplexity": 49.18497346944286,
      "token_accuracy": 0.04838709533214569,
      "logit_kl_to_fp16": 0.00836987979710102,
      "bytes_per_token_mb": 0.016650390625,
      "ideal_latency_ms_at_100gbps": 0.000174592,
      "peak_ram_proxy_mb": 71.68,
      "fitness": 0.31630167647158725,
      "pareto_frontier": false
    },
    {
      "name": "s1_groupwise_ptq_int4_kv",
      "quality_source": "S1",
      "runtime_policy": "packed_b1_58_weight_int4_kv",
      "loss": 3.8955881595611572,
      "perplexity": 49.18497346944286,
      "token_accuracy": 0.04838709533214569,
      "logit_kl_to_fp16": 0.00836987979710102,
      "bytes_per_token_mb": 0.01463623046875,
      "ideal_latency_ms_at_100gbps": 0.000153472,
      "peak_ram_proxy_mb": 58.88,
      "fitness": 0.34093146708029554,
      "pareto_frontier": true
    }
  ],
  "quality_winner": "s0_ternary_ptq_packed",
  "resource_winner": "s1_groupwise_ptq_int4_kv"
}